index,ingredient
0,salt
1,garlic
2,pepper
3,onion
4,olive oil
5,sugar
6,butter
7,vinegar
8,water
9,lemon juice
10,tomato
11,parsley
12,cilantro
13,oil
14,soy sauce
15,basil
16,ginger
17,cream
18,egg
19,mayonnaise
20,lime juice
21,mustard
22,flour
23,milk
24,oregano
25,honey
26,shallot
27,garlic powder
28,ketchup
29,wine
30,parmesan cheese
31,jalapeno
32,green onion
33,cumin
34,lemon
35,sour cream
36,thyme
37,carrot
38,chicken breast
39,broth
40,lime
41,celery
42,cornstarch
43,paprika
44,cinnamon
45,scallion
46,sesame oil
47,cayenne pepper
48,yogurt
49,orange juice
50,mushroom
51,tomato paste
52,salsa
53,beef
54,chili powder
55,chicken
56,avocado
57,worcestershire sauce
58,green pepper
59,red pepper
60,bay leaf
61,jalapeno pepper
62,onion powder
63,cucumber
64,chive
65,cider vinegar
66,mint
67,dijon mustard
68,dill
69,chicken stock
70,corn
71,nutmeg
72,shrimp
73,caper
74,canola oil
75,egg yolk
76,mango
77,vanilla
78,horseradish
79,cream cheese
80,sesame seed
81,rosemary
82,bacon
83,white pepper
84,salmon
85,black pepper
86,sake
87,lettuce
88,coriander
89,tarragon
90,cheddar cheese
91,apple
92,mirin
93,spinach
94,cranberry
95,cheese
96,white wine
97,plum tomato
98,pineapple
99,clove
100,pasta
101,buttermilk
102,rice
103,tomatillo
104,hot sauce
105,black bean
106,bread
107,peanut butter
108,applesauce
109,olive
110,diced tomato
111,bell pepper
112,pepper flakes
113,walnut
114,potato
115,anchovy
116,chili sauce
117,strawberry
118,orange
119,sherry
120,broccoli
121,sauce
122,sage
123,lemon zest
124,crushed red pepper
125,garlic salt
126,tortilla
127,fish sauce
128,zucchini
129,hot pepper sauce
130,vanilla extract
131,chili pepper
132,baking powder
133,leek
134,asparagus
135,blue cheese
136,almond
137,tofu
138,chocolate
139,cabbage
140,raisin
141,pork
142,cayenne
143,curry powder
144,baking soda
145,maple syrup
146,serrano chile
147,crushed tomato
148,molasses
149,peanut oil
150,margarine
151,corn syrup
152,mozzarella cheese
153,brown sugar
154,allspice
155,coconut milk
156,barbecue sauce
157,spaghetti
158,pecan
159,green chili
160,rice vinegar
161,oyster sauce
162,eggplant
163,italian seasoning
164,potato starch
165,raspberry
166,bean
167,pine nut
168,egg white
169,miso
170,ham
171,celery seed
172,dressing
173,cocoa
174,zest
175,tuna
176,breadcrumb
177,pork tenderloin
178,feta cheese
179,pineapple juice
180,linguine
181,evaporated milk
182,peach
183,beef broth
184,tomato puree
185,turmeric
186,pork chop
187,liquid smoke
188,scallop
189,ramen noodle
190,brandy
191,marjoram
192,cumin seed
193,banana
194,blueberry
195,rum
196,chicken thigh
197,bread crumb
198,peanut
199,pear
200,coriander seed
201,crushed red pepper flake
202,canned tomato
203,turkey
204,apple juice
205,dashi
206,beer
207,chicken bouillon
208,pea
209,clam
210,peppercorn
211,cinnamon stick
212,shiitake mushroom
213,ricotta cheese
214,fennel
215,arugula
216,beef stock
217,tahini
218,poppy seed
219,poblano pepper
220,port
221,serrano pepper
222,goat cheese
223,lemongrass
224,sherry vinegar
225,sausage
226,kiwi
227,chili
228,radish
229,chile
230,watercress
231,bourbon
232,roasted red pepper
233,fettuccine
234,hoisin
235,cauliflower
236,chipotle chile
237,coconut
238,celery salt
239,red pepper flake
240,tomato juice
241,squash
242,vegetable
243,steak
244,coffee
245,papaya
246,monterey jack cheese
247,powdered sugar
248,fennel seed
249,lamb
250,seasoning
251,cider
252,herb
253,italian dressing
254,orange peel
255,vodka
256,red wine
257,chipotle pepper
258,sweet potato
259,poultry seasoning
260,chicken soup
261,pickle
262,vegetable stock
263,pickle relish
264,mushroom soup
265,ancho chile
266,noodle
267,tomato soup
268,vanilla ice cream
269,shortening
270,penne
271,tamari
272,grape tomato
273,corn oil
274,green chile
275,mussel
276,vanilla bean
277,beet
278,beef tenderloin
279,chili flake
280,apricot
281,smoked paprika
282,prosciutto
283,cardamom
284,cornmeal
285,sriracha
286,cod
287,cottage cheese
288,veal
289,ground beef
290,stock
291,taco seasoning
292,salad green
293,tortilla chip
294,saffron
295,tarragon vinegar
296,pork loin
297,ground pepper
298,spring onion
299,grapeseed oil
300,apricot preserve
301,creme fraiche
302,orange marmalade
303,wasabi
304,plum
305,bittersweet chocolate
306,mustard seed
307,onion salt
308,confectioners sugar
309,meat
310,bonito flake
311,granny smith apple
312,cornbread
313,ranch
314,beef bouillon
315,cherry
316,seasoning salt
317,crushed pineapple
318,chicken wing
319,gorgonzola cheese
320,teriyaki sauce
321,bean sprout
322,flank steak
323,stewed tomato
324,vermouth
325,jicama
326,grapefruit
327,toasted sesame oil
328,steak sauce
329,ponzu
330,habanero pepper
331,lemon pepper
332,cantaloupe
333,star anise
334,tequila
335,crab meat
336,kalamata olive
337,dried cranberry
338,daikon
339,chipotle
340,artichoke heart
341,condensed milk
342,gelatin
343,macaroni
344,hazelnut
345,mandarin orange
346,fish stock
347,italian sausage
348,pancetta
349,agave
350,curry paste
351,sweetener
352,red chile
353,snapper
354,fish
355,wheat flour
356,watermelon
357,chervil
358,chili paste
359,turkey breast
360,nut
361,cracker
362,yeast
363,kombu
364,oyster
365,yellow pepper
366,bok choy
367,blackberry
368,sirloin
369,whiskey
370,lobster
371,cashew
372,soy milk
373,chickpea
374,stuffing
375,liqueur
376,green
377,grape
378,green peppercorn
379,clam juice
380,tortellini
381,mentsuyu
382,orange rind
383,oat
384,halibut
385,onion flake
386,turnip
387,romano cheese
388,onion soup mix
389,marinara
390,artichoke
391,all purpose flour
392,chocolate chip
393,pepper sauce
394,habanero
395,ancho chile powder
396,button mushroom
397,cornichon
398,whipped cream
399,tamarind
400,cognac
401,panko breadcrumb
402,anchovy fillet
403,red potato
404,pesto
405,bbq sauce
406,sea bass
407,pork sausage
408,almond extract
409,swordfish
410,swiss cheese
411,golden raisin
412,shimeji mushroom
413,panko
414,tilapia
415,caramel
416,rhubarb
417,red pepper sauce
418,nectarine
419,chili oil
420,syrup
421,cremini mushroom
422,pecorino cheese
423,pork loin chop
424,angel hair pasta
425,prawn
426,relish
427,nutritional yeast
428,mace
429,bun
430,duck breast
431,endive
432,pistachio
433,lemon rind
434,kale
435,habanero chile
436,corn flour
437,pork belly
438,navel orange
439,raspberry vinegar
440,baguette
441,dried apricot
442,romaine
443,rice wine
444,whole peeled tomato
445,mascarpone
446,dried chile
447,date
448,rice flour
449,kidney bean
450,sambal
451,portobello mushroom
452,wonton wrapper
453,arrowroot
454,filet mignon
455,radicchio
456,cajun seasoning
457,doubanjiang
458,ravioli
459,champagne vinegar
460,polenta
461,brown mustard
462,ice
463,cranberry juice
464,pita
465,ground sesame
466,pimento
467,roquefort cheese
468,vinaigrette
469,dried chili
470,snow pea
471,water chestnut
472,sugar snap pea
473,boneless chicken breast
474,chestnut
475,parsnip
476,pecorino romano
477,walnut oil
478,pumpkin
479,tartar
480,dried onion
481,squid
482,rigatoni
483,crouton
484,marshmallow
485,safflower oil
486,nori
487,corn kernel
488,garam masala
489,dried cherry
490,skirt steak
491,shiso
492,savory
493,lard
494,fruit
495,balsamic vinaigrette
496,fig
497,queso fresco
498,ranch dressing mix
499,consomme
500,coconut cream
501,malt vinegar
502,adobo
503,trout
504,fish fillet
505,milk powder
506,chicken stock granule
507,guajillo chile
508,white mushroom
509,jelly
510,soda
511,champagne
512,green tomato
513,black bean sauce
514,soup stock cube
515,sunflower seed
516,monosodium glutamate
517,gochujang
518,dried onion flake
519,pumpkin seed
520,flounder
521,chipotle chili
522,marsala
523,russet potato
524,powdered milk
525,honeydew melon
526,white miso
527,lamb chop
528,caraway seed
529,baby green
530,pasilla chile
531,red currant jelly
532,plum sauce
533,littleneck clam
534,espresso
535,creole mustard
536,chipotle powder
537,veal stock
538,coconut oil
539,shrimp paste
540,canned diced tomato
541,gnocchi
542,dried chili flake
543,soba noodle
544,sunflower oil
545,italian plum tomato
546,chorizo
547,biscuit
548,yuzu pepper
549,white peppercorn
550,pork shoulder
551,galangal
552,beefsteak tomato
553,pork rib
554,porcini mushroom
555,palm sugar
556,sole
557,mackerel
558,provolone cheese
559,peach preserve
560,green pea
561,japanese leek
562,vidalia onion
563,pepper jack cheese
564,currant jelly
565,cherry tomato
566,black sesame seed
567,brussels sprout
568,amaretto
569,cannellini bean
570,fusilli
571,enoki mushroom
572,canned crushed tomato
573,bacon fat
574,creole seasoning
575,portabella mushroom
576,vegetable juice
577,edamame
578,celery soup
579,pumpkin pie spice
580,barley
581,umeboshi
582,cake mix
583,asiago cheese
584,soup stock granule
585,brie
586,cola
587,balsamic vinegar
588,grapefruit juice
589,ramen
590,currant
591,quinoa
592,farfalli
593,orzo
594,catfish
595,kaffir lime leaf
596,dressing mix
597,pickle juice
598,crystallized ginger
599,cherry brandy
600,pepperoncino
601,dill relish
602,gherkin
603,vanilla yogurt
604,mango chutney
605,rice paper
606,couscous
607,lentil
608,pomegranate juice
609,worcestershire
610,saltine cracker
611,steak seasoning
612,anaheim chili
613,chicken liver
614,alfredo sauce
615,sorrel
616,tomato sauce
617,madeira wine
618,curry
619,chard
620,baking potato
621,dough
622,fish bone
623,pinto bean
624,red chili flake
625,berry
626,dried porcini
627,ice cream
628,wild mushroom
629,macadamia nut
630,pomegranate seed
631,beef sirloin
632,white bean
633,raspberry jam
634,fenugreek seed
635,grand marnier
636,gruyere cheese
637,poblano
638,biscuit mix
639,meatball
640,weipa
641,fermented black bean
642,meat sauce
643,puff pastry
644,sourdough bread
645,lasagna noodle
646,jerk seasoning
647,shiso leaf
648,oatmeal
649,chikuwa
650,graham cracker
651,sesame paste
652,scotch bonnet pepper
653,hot dog
654,udon noodle
655,soup
656,crust
657,chutney
658,sliced mushroom
659,turkey sausage
660,spaghetti squash
661,raspberry preserve
662,pasta shell
663,stevia
664,cooking apple
665,herb de provence
666,plantain
667,chicken leg
668,chicken cutlet
669,okra
670,banana pepper
671,kabocha
672,basil pesto
673,parsley flake
674,peeled tomato
675,mesclun
676,thai chile
677,mashed potato
678,allspice berry
679,rotini
680,crab
681,chile pepper
682,sesame dressing
683,pineapple preserve
684,wheat germ
685,bamboo shoot
686,tomatillo salsa
687,pepperoni
688,cardamom seed
689,escarole
690,honeydew
691,marinade
692,pound cake
693,tea
694,roasted peanut
695,fontina cheese
696,adobo seasoning
697,king oyster mushroom
698,capellini
699,bay seasoning
700,kimchi
701,butter lettuce
702,spinach fettuccine
703,dried mint leaf
704,pumpkin puree
705,tangerine
706,fenugreek
707,gravy
708,merlot
709,pomegranate molasses
710,spaghetini
711,rack of lamb
712,bow tie pasta
713,egg substitute
714,chipotle sauce
715,cornish hen
716,pomegranate
717,cardamom pod
718,bouillon cube
719,tilapia filet
720,neufchatel cheese
721,dried minced onion
722,arbol chile
723,mizuna
724,caviar
725,yellow tomato
726,heirloom tomato
727,cherry preserve
728,pancake mix
729,tenderizer
730,yuzu
731,roll
732,harissa
733,pearl onion
734,smoked sausage
735,quail
736,vanilla pudding
737,frying oil
738,pasta water
739,onion juice
740,dried guajillo chile
741,frisee
742,parmesan
743,dried herb
744,jam
745,plain greek yogurt
746,cranberry sauce
747,wheat bread
748,venison
749,refried bean
750,smoked ham
751,sardine
752,apple sauce
753,grape juice
754,maitake mushroom
755,jasmine rice
756,dried chive
757,calvados
758,orecchiette
759,flaxseed
760,hot dog bun
761,chicken bone
762,xanthan gum
763,taco sauce
764,hard boiled egg
765,celery root
766,dried chipotle
767,vermicelli
768,ricotta salata
769,tagliatelle
770,wheat tortilla
771,peanut sauce
772,rub
773,wiener sausage
774,lager
775,chicken broth
776,imitation crab
777,dried new mexican chile
778,dried hot pepper
779,duck
780,consomme stock
781,lamb loin chop
782,dried fruit
783,piquillo pepper
784,dried chili pepper
785,komatsuna
786,salami
787,bucatini
788,dried fig
789,guacamole
790,chocolate syrup
791,almond milk
792,pectin
793,chile de arbol
794,guava
795,bean sauce
796,poppy seed dressing
797,sundried tomato
798,anaheim pepper
799,habanero sauce
800,pie crust
801,catfish filet
802,tarragon leaf
803,taco shell
804,minced clam
805,taro
806,usukuchi soy sauce
807,beef bone
808,aburaage
809,kelp
810,beef fillet
811,jalapeno jelly
812,gouda cheese
813,almond butter
814,fajita seasoning
815,long grain rice
816,turkey cutlet
817,bean paste
818,amino
819,dried arbol chile
820,rice milk
821,lima bean
822,zinfandel
823,garlic chive
824,cocoa powder
825,achiote
826,bird's eye chili
827,bechamel
828,jalapeno juice
829,coriander root
830,chicken fillet
831,passion fruit
832,bass
833,wakame
834,gin
835,ale
836,chili garlic sauce
837,crescent roll
838,semolina flour
839,marmalade
840,cooking spray
841,dehydrated onion
842,boysenberry
843,crimini mushroom
844,olive paste
845,mung bean sprout
846,maraschino cherry
847,apple butter
848,french dressing
849,morel
850,dried shrimp
851,quince
852,dill weed
853,garbanzo bean
854,celery leaf
855,beef consomme
856,kielbasa
857,lobster tail
858,umami seasoning
859,halibut filet
860,liquid
861,tempeh
862,broccoli rabe
863,chayote
864,japanese eggplant
865,cornflour
866,cake
867,oyster mushroom
868,canned whole tomato
869,pink peppercorn
870,atsuage
871,curry leaf
872,bake mix
873,octopus
874,pork spare rib
875,somen noodle
876,coloring
877,dried mushroom
878,shaoxing wine
879,spice
880,chocolate sauce
881,caesar dressing
882,white fish fillet
883,cajun spice
884,pudding
885,lamb rib chop
886,beef short rib
887,white button mushroom
888,chanterelle
889,beef sausage
890,shichimi
891,mahi
892,potato chip
893,semisweet chocolate chip
894,hazelnut oil
895,fudge
896,marshmallow cream
897,madeira
898,coating
899,clementine
900,seafood seasoning
901,phyllo dough
902,spam
903,sorbet
904,yukon gold potato
905,truffle oil
906,cornbread stuffing mix
907,lemonade
908,kahlua
909,tapioca
910,mustard green
911,pickled ginger
912,blackberry preserve
913,burdock root
914,san marzano tomato
915,granola
916,turkey broth
917,dried tart cherry
918,tangerine juice
919,pepita
920,dill seed
921,dry bread crumb
922,cotija cheese
923,haddock
924,veal cutlet
925,lotus root
926,apple pie spice
927,ziti
928,manchego cheese
929,raspberry vinaigrette
930,yam
931,blood orange
932,tart cherry
933,vegemite
934,english muffin
935,lavender
936,morel mushroom
937,raspberry liqueur
938,wheat cracker
939,whipped topping
940,bourbon whiskey
941,kumquat
942,sage leaf
943,heart of palm
944,chicken tenderloin
945,won ton wrapper
946,beef brisket
947,bran
948,ichimi
949,mushroom soy sauce
950,stout
951,sesame
952,capsicum
953,monkfish
954,adzuki bean
955,flaxseed oil
956,five spice powder
957,juniper berry
958,canned plum tomato
959,bouillon
960,broccolini
961,rabbit
962,cornflake
963,fava bean
964,five spice
965,okara
966,coconut extract
967,cellophane noodle
968,kinako
969,szechuan peppercorn
970,cornbread mix
971,daikon sprout
972,mango salsa
973,cherry pie filling
974,juice
975,kaiser roll
976,root beer
977,corn tortilla chip
978,preserved lemon
979,sofrito
980,beef filet
981,epazote
982,calamari
983,garlic herb seasoning
984,chile sauce
985,cashew butter
986,canned peeled tomato
987,barbecue seasoning
988,ranch seasoning
989,peppermint
990,sumac
991,lemon gelatin
992,brioche
993,pork fat
994,agar
995,creamer
996,anise seed
997,chili seasoning
998,skewer
999,black truffle
1000,rib
1001,beef flank
1002,cereal
1003,lamb stock
1004,enchilada sauce
1005,pastis
1006,seafood
1007,rice noodle
1008,chicken carcass
1009,ciabatta
1010,coriander leaf
1011,cracker crumb
1012,crepe
1013,star fruit
1014,round steak
1015,stuffing mix
1016,chicken drumstick
1017,carrot juice
1018,ribeye
1019,sour cherry
1020,beef base
1021,collard green
1022,smoked trout
1023,baby back rib
1024,duck sauce
1025,grill seasoning
1026,tartar sauce
1027,grain mustard
1028,chile flake
1029,bread cube
1030,cinnamon sugar
1031,sauerkraut
1032,fat
1033,cayenne pepper sauce
1034,masa harina
1035,pickling spice
1036,veal bone
1037,stir fry vegetable
1038,fish broth
1039,matcha
1040,ginger juice
1041,green bean
1042,cavatappi
1043,manila clam
1044,short rib
1045,bream
1046,annatto seed
1047,black eyed pea
1048,ginger ale
1049,peperoncini
1050,bone
1051,graham cracker crust
1052,konnyaku
1053,soy mayonnaise
1054,tapioca starch
1055,melon
1056,salad
1057,red lentil
1058,red chile flake
1059,string bean
1060,kombu dashi
1061,garlic pepper
1062,mizuna green
1063,clove garlic
1064,italian spice
1065,tapioca flour
1066,veggie burger
1067,grape jelly
1068,pea shoot
1069,serrano ham
1070,camembert cheese
1071,hominy
1072,chicken stock cube
1073,barbecue rub
1074,green chili salsa
1075,sprout
1076,ponzu sauce
1077,italian herb
1078,pappardelle
1079,wheat pasta
1080,kohlrabi
1081,turkey neck
1082,mint jelly
1083,sun dried tomato
1084,thai chile pepper
1085,kecap manis
1086,rose wine
1087,seafood stock
1088,dill pickle
1089,graham cracker crumb
1090,chicken drumette
1091,brown rice
1092,hummus
1093,mozzarella
1094,wheat bran
1095,yellow miso
1096,chuck roast
1097,anise
1098,dried shiitake mushroom
1099,chicken ramen
1100,cascabel chile
1101,herring
1102,shrimp shell
1103,chicken neck
1104,rye bread
1105,beef shank
1106,thousand island dressing
1107,cheese slice
1108,skim milk powder
1109,bulgur
1110,prune
1111,pork cutlet
1112,apple pie filling
1113,fish head
1114,boneless pork chop
1115,red food color
1116,soybean oil
1117,pinot noir
1118,cactus
1119,beef gravy
1120,mincemeat
1121,brown rice syrup
1122,tabasco
1123,dripping
1124,demiglace
1125,cinnamon candy
1126,pomegranate aril
1127,dried pasilla
1128,beef round steak
1129,wheat spaghetti
1130,oreo cookie
1131,browning sauce
1132,chipotle puree
1133,andouille sausage
1134,mesclun green
1135,cherry juice
1136,green chilli
1137,northern bean
1138,orange roughy
1139,bean dip
1140,halloumi cheese
1141,quail egg
1142,pineapple salsa
1143,fingerling potato
1144,dried italian herb
1145,chile paste
1146,wheat
1147,giblet
1148,coconut flake
1149,almond oil
1150,dried chile flake
1151,yellow chile
1152,yakisoba noodle
1153,jack cheese
1154,fire roasted tomato
1155,kamaboko
1156,ghee
1157,turkey wing
1158,queso anejo
1159,perciatelli
1160,chilli sauce
1161,vanilla sugar
1162,swede
1163,croissant
1164,teriyaki
1165,vanilla wafer
1166,celery flake
1167,beef strip steak
1168,ramen noodle soup mix
1169,bonito dashi
1170,cookie
1171,chardonnay
1172,lasagna
1173,cockle
1174,wheat berry
1175,gravy mix
1176,maple sugar
1177,calf liver
1178,ouzo
1179,mixed spice
1180,lamb shank
1181,rutabaga
1182,citrus juice
1183,balsamic dressing
1184,chablis
1185,havarti cheese
1186,sazon
1187,thai chili paste
1188,toasted almond
1189,black cardamom
1190,foie gras
1191,grana padano
1192,apple vinegar
1193,pepper jelly
1194,challah
1195,lemon oil
1196,mushroom broth
1197,cornbread stuffing
1198,fermented soy paste
1199,bigoli
1200,orange extract
1201,focaccia
1202,bicarbonate of soda
1203,pimento stuffed olive
1204,straw mushroom
1205,dried hot chile
1206,blackening seasoning
1207,bitter chocolate
1208,ramen seasoning
1209,dulce de leche
1210,hot pepper
1211,sea salt
1212,raisin bran
1213,amaretti cookie
1214,crawfish tail
1215,wonton skin
1216,baking chocolate
1217,thai curry paste
1218,himalayan salt
1219,olive tapenade
1220,lime leaf
1221,mitsuba
1222,port wine
1223,grouper fillet
1224,wheat pita
1225,mache
1226,beef rib
1227,chile oil
1228,pastry
1229,cavatelli
1230,grouper
1231,gingersnap
1232,pudding mix
1233,butter bean
1234,piloncillo
1235,wax bean
1236,farfalle
1237,dried chile de arbol
1238,sambuca
1239,masa
1240,sour orange
1241,buffalo
1242,bratwurst
1243,strawberry preserve
1244,sparerib
1245,bonito
1246,triple sec
1247,shirataki noodle
1248,stilton cheese
1249,gemelli
1250,skate
1251,broad bean
1252,spring roll wrapper
1253,red snapper filet
1254,pancake
1255,pollock
1256,garlic butter
1257,umeboshi paste
1258,phyllo pastry
1259,soup stock
1260,tostada shell
1261,muffin mix
1262,beef fat
1263,dried hot chili pepper
1264,creme de menthe
1265,lobster shell
1266,gherkin pickle
1267,colby cheese
1268,veggie ground crumble
1269,popcorn
1270,stock cube
1271,lingonberry
1272,navy bean
1273,konbu
1274,hollandaise
1275,american cheese
1276,sorghum
1277,chilli pepper
1278,vodka sauce
1279,black currant
1280,garlic oil
1281,spice rum
1282,salad dressing
1283,aleppo chili
1284,thai chili
1285,tenderloin
1286,plum preserve
1287,essence
1288,dried breadcrumb
1289,pepperoncini
1290,crushed pepper
1291,soybean
1292,egg roll wrapper
1293,meat stock
1294,azuki bean
1295,hickory chip
1296,burger
1297,chinese five spice
1298,split pea
1299,instant coffee
1300,processed cheese
1301,amberjack
1302,bitter orange juice
1303,seasoned bread crumb
1304,seaweed
1305,dark cherry
1306,black soybean
1307,bread flour
1308,barbecue spice
1309,trout filet
1310,groundnut oil
1311,pretzel
1312,soda cracker
1313,erythritol
1314,ramp
1315,new mexican chile
1316,cabrales cheese
1317,wood chip
1318,vegetable bouillon cube
1319,oat bran
1320,panko crumb
1321,bird chile
1322,chinese garlic chive
1323,wheat pastry flour
1324,ranch dressing
1325,salt cod
1326,beef ribeye
1327,maple extract
1328,french fry
1329,peperoncino flakes
1330,beef liver
1331,ground sausage
1332,dried peperoncino
1333,salmon roe
1334,veal scallop
1335,pepper flake
1336,breadstick
1337,saury
1338,new mexican chile powder
1339,togarashi
1340,rock fish
1341,corn flake
1342,vegetable soup mix
1343,rice vermicelli
1344,dandelion green
1345,chocolate pudding mix
1346,brownie
1347,drink mix
1348,southwest seasoning
1349,mustard oil
1350,oxtail
1351,gai lan
1352,wheat linguine
1353,limeade
1354,almond flour
1355,consomme cube
1356,ground peanut
1357,biscuit dough
1358,pita chip
1359,stuffing cube
1360,pheasant
1361,pequin chile
1362,boneless chicken thigh
1363,crayfish
1364,sweet sour sauce
1365,orange pepper
1366,shrimp sauce
1367,long pepper
1368,almond flavor
1369,boursin cheese
1370,turnip green
1371,topping
1372,basil sauce
1373,strawberry yogurt
1374,pompano
1375,bolognese sauce
1376,beef stew meat
1377,craisins
1378,wood ear mushroom
1379,peach nectar
1380,onion seed
1381,orange blossom water
1382,canned mushroom
1383,espresso powder
1384,shad fillet
1385,plank
1386,jerk spice
1387,coconut water
1388,pickled beet
1389,custard
1390,yellow chili pepper
1391,little neck clam
1392,sudachi
1393,dried prune
1394,annatto
1395,dried linguine
1396,mushroom sauce
1397,spearmint
1398,mixed herb
1399,hot red pepper
1400,sake lee
1401,ground turkey
1402,spring mix
1403,hanger steak
1404,gyoza wrapper
1405,katsuobushi
1406,chicory
1407,amaranth flour
1408,leafy green
1409,hijiki seaweed
1410,riesling
1411,lemon balm
1412,cassia
1413,chicken leg quarter
1414,ground white sesame
1415,matzah meal
1416,manicotti shell
1417,white chocolate chip
1418,corn chip
1419,nicoise olive
1420,scotch
1421,duck leg
1422,thai bird eye chili
1423,corn flake crumb
1424,butterfish
1425,dried tomato
1426,alfalfa sprout
1427,crushed black pepper
1428,starch
1429,rice cake
1430,black strap molasses
1431,beef stock granule
1432,cashew nut
1433,creme de cacao
1434,buckwheat noodle
1435,licorice
1436,demerara sugar
1437,grain bread
1438,dried adzuki bean
1439,gizzard
1440,vegetable seasoning
1441,stuffed olive
1442,culantro
1443,roe
1444,shark
1445,lemon peel
1446,peach slice
1447,lime zest
1448,mutton
1449,minced tomato
1450,duck fat
1451,creme de cassis
1452,shiratama flour
1453,chow mein noodle
1454,sunflower seed spread
1455,leaf
1456,earl grey tea
1457,toast
1458,yellow split pea
1459,salsa seasoning
1460,dried bay leaf
1461,lamb steak
1462,herb salt
1463,mexican oregano
1464,bouquet garni
1465,beef marrow
1466,chamomile
1467,sprinkle
1468,strip steak
1469,soba
1470,glaze
1471,shell pasta
1472,lemon yogurt
1473,veal demi-glace
1474,salad herb
1475,garlic herb cheese
1476,choy sum
1477,cocktail sauce
1478,andouille
1479,nigella seed
1480,seltzer
1481,grouse
1482,macaroni cheese
1483,smoked almond
1484,lavash
1485,snickers
1486,squab
1487,dry red chile
1488,barolo
1489,ground black sesame
1490,broccoli soup
1491,crab stick
1492,ciabatta roll
1493,yellowfin tuna
1494,fish spice
1495,cheese soup
1496,kosher salt
1497,tomato salsa
1498,dried de arbol chili
1499,goji berry
1500,salsa verde
1501,shortbread cookie
1502,spread
1503,lamb rib
1504,protein powder
1505,tortellone
1506,grit
1507,kamut
1508,bonito dashi granules
1509,lemonade concentrate
1510,purple potato
1511,beef tendon
1512,ume
1513,hemp seed
1514,striped bass
1515,dried mulato chile
1516,dry apricot
1517,instant potato flake
1518,canned peach
1519,mixed vegetable
1520,liver
1521,crawfish
1522,sauterne
1523,wondra flour
1524,purslane
1525,pigeon
1526,garlic basil
1527,avocado oil
1528,fiddlehead
1529,yellow cherry tomato
1530,chile garlic sauce
1531,kalamansi
1532,fillet
1533,orange gelatin
1534,court bouillon
1535,malt
1536,pork stock
1537,eel
1538,porcini
1539,dungeness crab
1540,hemp oil
1541,piquin chile
1542,lovage
1543,amchoor
1544,pepper paste
1545,tatsoi
1546,pomegranate syrup
1547,herb dressing
1548,bolillo
1549,snail
1550,soy margarine
1551,caramelized onion
1552,grapefruit zest
1553,butterscotch chip
1554,dried fennel seed
1555,meal
1556,turkey drippings
1557,carp
1558,chili bean paste
1559,hijiki
1560,panela cheese
1561,lamb neck
1562,bouquet
1563,seasoned salt
1564,soup base
1565,mentaiko
1566,gluten
1567,canned diced green chile
1568,chocolate wafer
1569,ancho pepper
1570,pork back rib
1571,lemon curd
1572,gel
1573,verbena
1574,veal loin chop
1575,dried bonito
1576,vegan mayo
1577,natto
1578,barramundi
1579,cornbread crumb
1580,roma tomato
1581,mix
1582,milk chocolate chip
1583,dry rub seasoning
1584,spicy italian sausage
1585,chicken sausage
1586,lime gelatin
1587,grappa
1588,filo pastry
1589,escargot
1590,bluefish
1591,pigeon pea
1592,cocktail onion
1593,strawberry jelly
1594,white kidney bean
1595,glucose
1596,chicken seasoning
1597,cane sugar
1598,beef sirloin tip steak
1599,wheat bun
1600,mochi
1601,slaw
1602,crab boil seasoning
1603,cooked crab meat
1604,sourdough baguette
1605,egg roll wrap
1606,clam sauce
1607,malloreddus
1608,caramel syrup
1609,verjus
1610,glutinous rice flour
1611,cepe
1612,dried jalapeno
1613,jerusalem artichoke
1614,chicken fat
1615,soy oil
1616,dry onion flake
1617,bitter
1618,buckwheat flour
1619,soy yogurt
1620,pinot grigio
1621,coconut macaroon crumb
1622,radish sprout
1623,asparagus soup
1624,malagueta pepper
1625,turkey stock
1626,brownie mix
1627,turkey drumstick
1628,veal chop
1629,passion fruit juice
1630,hatch green chile
1631,jaggery
1632,tempura crumb
1633,brisket
1634,frosting
1635,mung bean noodle
1636,queso blanco
1637,jalapeno sauce
1638,anko
1639,sichuan pepper
1640,roasted diced tomato
1641,strawberry gelatin
1642,guar gum
1643,chimichurri
1644,pork coating
1645,coconut flour
1646,beef stock cube
1647,green lentil
1648,chrysanthemum
1649,long grain white rice
1650,fennel frond
1651,caster sugar
1652,ranch dip
1653,chickpea flour
1654,pastry flour
1655,mizuame
1656,gewurztraminer
1657,bluefish fillet
1658,vegetable scrap
1659,fresno pepper
1660,pickled pepper
1661,red chile powder
1662,sunflower kernel
1663,rump roast
1664,balti masala
1665,spice rub
1666,nagaimo
1667,turkey meatball
1668,vegetable bouillon
1669,garlic vinegar
1670,peanut brittle
1671,shredded pork
1672,fennel leaf
1673,mango puree
1674,coffee bean
1675,macadamia
1676,mesquite wood chip
1677,rose water
1678,flaxseed meal
1679,cherry liqueur
1680,green hot pepper sauce
1681,duck stock
1682,fenugreek leaf
1683,cabernet sauvignon
1684,aonori
1685,ghost pepper
1686,fresno chile
1687,bamboo skewer
1688,black bean corn salsa
1689,bocconcini
1690,muffin
1691,black cumin
1692,italian cheese
1693,horseradish mustard
1694,dark chocolate chip
1695,hatch chile
1696,dry ancho chile
1697,dried sour cherry
1698,soft shell crab
1699,seabass
1700,passion fruit liqueur
1701,beef ramen noodle
1702,cubanelle pepper
1703,salsify
1704,bentonite clay
1705,vacherin
1706,candy
1707,ground red chili
1708,color
1709,ground celery seed
1710,black salt
1711,minced nut
1712,mango nectar
1713,green olive
1714,paste
1715,maple flavor
1716,redfish filet
1717,seedless grape
1718,habanero powder
1719,dried date
1720,pasilla de oaxaca chile
1721,cilantro root
1722,soybean paste
1723,garlic paste
1724,beef heart
1725,cajeta
1726,crab apple
1727,dried sardine
1728,pork rind
1729,bearnaise sauce
1730,herb vinegar
1731,citric acid
1732,pork rib chop
1733,concord grape
1734,almond paste
1735,rib steak
1736,irish cream
1737,pork fatback
1738,new mexico chile
1739,sun dried tomato paste
1740,dried pinto bean
1741,hickory salt
1742,whitefish
1743,blue cheese dressing
1744,hanpen
1745,szechuan seasoning
1746,ginger preserve
1747,marcona almond
1748,drumstick
1749,caramel topping
1750,chickpea miso
1751,borage
1752,tonguefish
1753,margarita mix
1754,pandan leaf
1755,marmite
1756,kaffir lime
1757,macaroni and cheese
1758,dulse flake
1759,cambozola cheese
1760,chicken consommé
1761,sandwich roll
1762,soy protein
1763,buttermilk dressing
1764,corn husk
1765,string
1766,mortadella
1767,anjou pear
1768,wonton
1769,sturgeon
1770,banana leaf
1771,shiraz
1772,onion granule
1773,jelly powder
1774,sloppy joe sauce
1775,dried chilli flake
1776,whiskey sauce
1777,black garlic
1778,self raising flour
1779,dry cranberry
1780,cipollini onion
1781,water spinach
1782,mashed banana
1783,ham stock
1784,spaghetti seasoning
1785,pork sirloin
1786,mojito
1787,pasta dough
1788,dried wood ear mushroom
1789,hazelnut liqueur
1790,smoked chicken
1791,canned green chile
1792,hamaguri clam
1793,spiral pasta
1794,pork neck
1795,baby clam
1796,mostaccioli
1797,sansho pepper
1798,italian dressing mix
1799,cupcake
1800,pak choi
1801,mince
1802,boysenberry preserve
1803,salted black bean
1804,strip loin
1805,phyllo
1806,ume plum vinegar
1807,lemon filling
1808,fried onion
1809,bagel
1810,deli meat
1811,stone crab
1812,chestnut flour
1813,shirasu
1814,turkey liver
1815,finger pepper
1816,corn niblet
1817,goddess dressing
1818,pork steak
1819,strawberry syrup
1820,tianmianjiang
1821,aduki bean
1822,toffee bit
1823,parsley stem
1824,dried bread crumb
1825,soy
1826,tteok
1827,frankfurter
1828,frisee lettuce
1829,cracker meal
1830,pork neck bone
1831,black lava salt
1832,biscuit crumb
1833,ham bone
1834,dried habanero
1835,gochugaru
1836,buffalo sauce
1837,beef skirt
1838,clementine juice
1839,oaxaca cheese
1840,scalloped potato
1841,dry red chili
1842,yellow squash
1843,starter
1844,cointreau
1845,mint sauce
1846,grape vinegar
1847,chirimenjako
1848,romaine lettuce
1849,ichimi chili pepper
1850,steamer clam
1851,mild sausage
1852,panela
1853,garbanzo flour
1854,dried celery flake
1855,anise hyssop
1856,crab boil
1857,bird eye chili
1858,swordfish filet
1859,tajin
1860,aspartame
1861,grape leaf
1862,dried black mushroom
1863,thai chili sauce
1864,dried apple
1865,bitter melon
1866,filet
1867,nut butter
1868,takanotsume
1869,california chile
1870,prickly pear
1871,honey whiskey
1872,millet
1873,spice blend
1874,cherry gelatin
1875,ichimi chili powder
1876,cherry ice cream
1877,romesco
1878,aioli
1879,marsala wine
1880,raspberry syrup
1881,chicharron
1882,cooked grain
1883,roast chicken
1884,fish finger
1885,mezcal
1886,filé powder
1887,sparkling wine
1888,roasted green chili
1889,jasmine tea
1890,beef tomato
1891,poussin
1892,soda water
1893,cranberry jelly
1894,crema mexicana
1895,lime pickle
1896,plantain chip
1897,pork medallion
1898,dried currant
1899,mint extract
1900,baking mix
1901,farro
1902,kefir
1903,herb marinade
1904,rice cereal
1905,thai bird chili
1906,wild rice
1907,turmeric powder
1908,branzino
1909,mixed dried herb
1910,ladyfinger
1911,jalapeno cheese
1912,fry
1913,ipa
1914,cascabel
1915,bird's eye chile
1916,black coffee
1917,hake fillet
1918,chip
1919,espelette pepper
1920,snow pea sprout
1921,dandelion
1922,white potato
1923,flatiron steak
1924,espresso bean
1925,minced chipotle pepper
1926,sparkling water
1927,seedless raisin
1928,conch
1929,menma
1930,huckleberry
1931,gyoza skin
1932,monkfish fillet
1933,tang
1934,angel food cake mix
1935,dashida
1936,turkey fat
1937,turkey pan juice
1938,beef bottom round roast
1939,wheat flake
1940,szechuan pepper
1941,calamata olive
1942,desiree potato
1943,bouillon granule
1944,coconut ice cream
1945,pitted olive
1946,yellow pear tomato
1947,venison bone
1948,smoked salt
1949,carob
1950,kanten
1951,asafetida
1952,seitan
1953,dumpling skin
1954,blood orange peel
1955,tinned tomato
1956,sukiyaki sauce
1957,lime salt
1958,scotch whisky
1959,vegetarian broth
1960,chocolate liqueur
1961,hot chile
1962,marinara sauce
1963,peanut powder
1964,aji
1965,cabernet
1966,rice stick
1967,char
1968,crumb
1969,sauce powder
1970,mochi rice
1971,chana dal
1972,pattypan squash
1973,turkey thigh
1974,turkey heart
1975,pumpkin spice
1976,leaf lettuce
1977,desiccated coconut
1978,moroccan spice
1979,nanohana
1980,bird chili
1981,dry red pepper flake
1982,marlin
1983,beet green
1984,blue corn chip
1985,fish veloute
1986,ground pecan
1987,jalapeno chile
1988,mulling spice
1989,green apple
1990,blue curacao
1991,honey mustard
1992,yellow wax bean
1993,chicken skin
1994,asadero cheese
1995,gingersnap crumb
1996,sour milk
1997,cooked bean
1998,white raisin
1999,orange oil
2000,shellfish
2001,ground meat
2002,pork and bean
2003,mullet
2004,chili pod
2005,bella mushroom
2006,fish paste
2007,loin beef
2008,raspberry gelatin
2009,wheat roll
2010,stock granule
2011,white bean paste
2012,truffle
2013,coconut rum
2014,tempura flour
2015,condensed chicken soup
2016,puntarelle
2017,onion soup
2018,red chili
2019,toffee
2020,pork broth
2021,spicy sauce
2022,fructose
2023,preserve
2024,wiener
2025,bernaise sauce
2026,passion fruit pulp
2027,ginger orange sauce
2028,lukewarm water
2029,lamb rack
2030,sea urchin
2031,anise liqueur
2032,scotch fillet
2033,strangozzi
2034,crabmeat
2035,mole
2036,adzuki bean paste
2037,tapenade
2038,turkey leg
2039,manzanilla pepper
2040,guilin sauce
2041,green shallot
2042,steak marinade
2043,raspberry juice
2044,mushroom ravioli
2045,belacan
2046,scrod
2047,tagliolini
2048,speck
2049,yucca
2050,arbol chili
2051,butter flavor extract
2052,crab shell
2053,kung pao seasoning
2054,citron
2055,ham hock
2056,cannelloni
2057,cream of mushroom
2058,dried red chile
2059,oat flour
2060,sorghum flour
2061,orange segment
2062,bresaola
2063,cardoon
2064,asafoetida
2065,chili verde
2066,udon
2067,canned clam
2068,tomato ketchup
2069,xo sauce
2070,lovage seed
2071,crushed red chili pepper
2072,candied lemon peel
2073,crushed peppermint
2074,ras al hanout
2075,chicken skin broth
2076,french bean
2077,lamb lettuce
2078,grenadine
2079,almond meal
2080,abalone
2081,radish leaf
2082,vanilla powder
2083,urad dal
2084,pastrami
2085,burrata
2086,green tea
2087,ghost chili
2088,spaghetti sauce
2089,spare rib
2090,tzatziki
2091,koya tofu
2092,halvah
2093,garlic sauce
2094,thai red chili
2095,chile water
2096,dried cod
2097,plum jam
2098,tangelo
2099,patty
2100,paneer
2101,meatloaf
2102,elderflower liqueur
2103,ginger syrup
2104,egg fettuccine
2105,korean chili paste
2106,radiatore pasta
2107,creole spice
2108,seeded tomato
2109,minced garlic
2110,cheese sauce
2111,soup mix
2112,marrow
2113,turkey giblet
2114,sansho leaf
2115,butternut squash
2116,egg noodle
2117,treacle
2118,cilantro stem
2119,gem lettuce
2120,red hot chile
2121,tiger prawn
2122,bison
2123,wheat bread crumb
2124,papaya seed
2125,caraway
2126,ras el hanout
2127,vegetable broth
2128,fish frame
2129,olive juice
2130,garlic dressing
2131,bean thread noodle
2132,hp sauce
2133,donut
2134,potato flour
2135,grain bun
2136,microgreen
2137,lime marmalade
2138,dried lentil
2139,honey barbecue sauce
2140,yellowtail
2141,nopalito
2142,shelled pea
2143,tempura batter
2144,seashell pasta
2145,crab leg
2146,dried black fig
2147,shrimp soup
2148,peeled plum tomato
2149,hemp milk
2150,yellow wax pepper
2151,pork offcut
2152,chicken soup powder
2153,gooseberry
2154,pork liver
2155,bean burger
2156,kirsch
2157,ume vinegar
2158,ground beef and pork
2159,aji amarillo
2160,aji amarillo paste
2161,passion fruit puree
2162,manicotti
2163,icing
2164,bran cereal
2165,emmental cheese
2166,soybean sprout
2167,clam broth
2168,eggnog
2169,grana cheese
2170,alligator
2171,fatback
2172,thai sweet chili sauce
2173,hen
2174,ancho chili
2175,dried white bean
2176,garlic scape
2177,green food dye
2178,albacore tuna
2179,basil oil
2180,chicken heart
2181,curd cheese
2182,truffle butter
2183,dried lemongrass
2184,lemon jelly
2185,tomato broth
2186,fruit puree
2187,glitter
2188,rotelle noodle
2189,sauce robert
2190,caper juice
2191,mahi fillet
2192,pimiento
2193,sliced olive
2194,dried pomegranate
2195,mango powder
2196,cotechino
2197,glucose syrup
2198,beaujolais
2199,orange zest
2200,minced date
2201,pretzel crumb
2202,elbow pasta
2203,herb sauce
2204,parmigiano
2205,cinnamon bread
2206,jackfruit
2207,protein
2208,fryer
2209,beef steak
2210,beef kidney
2211,sheep milk ricotta
2212,au jus
2213,dill salt
2214,sake lees
2215,tandoori paste
2216,candied fruit
2217,game stock
2218,cookie dough
2219,kansui
2220,herb butter
2221,beef demiglace
2222,casing
2223,tea leaf
2224,pea pod
2225,green chile powder
2226,caribe pepper
2227,taco
2228,fish fry coating
2229,remoulade
2230,garlic cream cheese
2231,kudzu flour
2232,tamarind pulp
2233,ditalini
2234,kashmiri chili
2235,pipicha
2236,fennel top
2237,enchilada seasoning
2238,naganegi
2239,surimi
2240,mushroom stock
2241,morta chili
2242,refried black bean
2243,apricot kernel flour
2244,rum raisin
2245,greek yogurt
2246,puttanesca sauce
2247,xylitol
2248,truffleyaki sauce
2249,mushroom syrup
2250,hokkien noodle
2251,fruit wine
2252,dried rose petal
2253,porter
2254,basil seed
2255,canned bean
2256,veggie burger patty
2257,clam stock
2258,roasted corn kernel
2259,vegetable paste
2260,calabrian chile
2261,bread crouton
2262,porcini liquid
2263,salad spice
2264,sesame bun
2265,breakfast sausage
2266,mashed potato flake
2267,lemon salt
2268,wheat cereal
2269,mild chile pepper
2270,batter
2271,pot
2272,huitlacoche
2273,shellfish stock
2274,walnut liqueur
2275,alligator tail
2276,chocolate nougat bar
2277,vanilla paste
2278,almond syrup
2279,nasturtium flower
2280,yuca
2281,mexican chili powder
2282,peri peri
2283,chestnut puree
2284,devil's food cake mix
2285,mung bean
2286,canned oyster
2287,aubergine
2288,red thai bird chile
2289,hungarian wax chile
2290,crabeye bean
2291,chocolate sandwich cookie
2292,robiola
2293,truffle salt
2294,pickling liquid
2295,garlic mayonnaise
2296,clam chowder
2297,oyster liquor
2298,meat seasoning
2299,chicken tender
2300,boston bib lettuce
2301,pork baby back rib
2302,hungarian pepper
2303,fiber
2304,kefalotyri cheese
2305,millet flour
2306,black olive
2307,crushed tortilla chip
2308,temarind
2309,beef loin
2310,vermicelli noodle
2311,chive and onion spread
2312,sauvignon blanc
2313,spirulina
2314,chocolate yogurt
2315,abalone sauce
2316,pilsner
2317,maple wood chip
2318,sucaryl
2319,jalapeno slice
2320,cornflake crumb
2321,lime sauce
2322,pickled onion
2323,broad egg noodle
2324,garlic tomato
2325,robiola cheese
2326,bacon spice
2327,rye breadcrumb
2328,chicken strip
2329,chile seasoning
2330,alligator filet
2331,beef onion soup
2332,halibut cheek
2333,wafer cookie
2334,puff pastry shell
2335,naan
2336,chipotle adobo
2337,idaho potato
2338,soy chorizo
2339,finger chile
2340,hard cooked egg
2341,neck
2342,dry milk
2343,pike
2344,fish seasoning
2345,scamorza cheese
2346,zwieback crumb
2347,angel cake
2348,dried red chili
2349,meatloaf seasoning
2350,thai pepper
2351,cherry chocolate
2352,cacao
2353,baked bean
2354,garlic shoot
2355,tenmenjian
2356,candied peel
2357,mixed seed
2358,dried hibiscus
2359,pasta sauce
2360,black cherry
2361,red fresno chile
2362,cotswold cheese
2363,turkey juice
2364,lobster stock
2365,bomba rice
2366,vanilla chip
2367,carob chip
2368,cranberry jalapeno
2369,raspberry dressing
2370,grape wine
2371,elderberry
2372,pie shell
2373,langostino
2374,thai green chili
2375,beluga lentil
2376,slaw dressing
2377,new mexican chili
2378,extract
2379,borlotti bean
2380,kurumabu
2381,canned italian tomato
2382,prawn masala
2383,pierogi
2384,bologna
2385,seedless red grape
2386,cassis
2387,beef top sirloin steak
2388,beurre manie
2389,pork skin
2390,mirliton
2391,strawberry wine
2392,chicken flavor
2393,cascabel pepper
2394,wasabi green
2395,crushed mustard seed
2396,onion seasoning
2397,garlic cheese roll
2398,prawn paste
2399,calamansi
2400,ajvar
2401,truffle paste
2402,minced olive
2403,rice syrup
2404,dessert
2405,safflower
2406,canned white bean
2407,seafood sauce
2408,veal sausage
2409,shearwater
2410,packet
2411,lambic
2412,ahi
2413,bush tomato
2414,rosemary leaf
2415,smoker bag
2416,elderberry vinegar
2417,lady finger
2418,garlic onion sauce
2419,portabellini mushroom
2420,pork noodle
2421,huacatay
2422,sliced almond
2423,bonito soup stock
2424,vin santo
2425,hash brown potato
2426,garlic ginger shallot
2427,chilli flake
2428,soy sausage
2429,rosella
2430,kencur
2431,shin beef
2432,hamachi
2433,cheddar
2434,dried chestnut
2435,sangiovese
2436,pumpkin butter
2437,boysenberry sauce
2438,rye flour
2439,agave nectar
2440,baharat spice
2441,maras pepper
2442,urfa pepper
2443,olive brine
2444,steel cut oat
2445,cucumber relish
2446,yakiniku sauce
2447,zha cai
2448,black onion seed
2449,hickory seasoning
2450,bread roll
2451,chard stem
2452,chuck beef
2453,soup green
2454,wrap
2455,myoga
2456,mojo
2457,rayu
2458,beef tongue
2459,tongue broth
2460,white bread
2461,zampone
2462,spinach noodle
2463,chianti
2464,apple cider
2465,bulgur wheat
2466,green onion dip
2467,joshinko
2468,beetroot
2469,smoked fish
2470,thai bird chile
2471,scorpion fish
2472,cranberry liqueur
2473,amazake
2474,shell
2475,guava jelly
2476,goat ricotta
2477,fresco cheese
2478,dill cheese
2479,serrano chili
2480,chrysanthemum leaf
2481,pinenut
2482,amaretti
2483,soy cream
2484,pork bone
2485,chicken essence
2486,soy nut butter
2487,sugar substitute
2488,pork back fat
2489,smoked salmon
2490,mulato chile
2491,chat potato
2492,garlic marinade
2493,dumpling
2494,clay
2495,orris root
2496,birch sap
2497,ground coffee
2498,sweetbread
2499,pork hock
2500,soymilk
2501,vanilla syrup
2502,corn tortilla
2503,langoustine
2504,taleggio cheese
2505,cherry pepper
2506,fig preserve
2507,floret
2508,turkey breast tenderloin
2509,broccoli sprout
2510,dried tropical fruit
2511,tamari soy sauce
2512,pepper relish
2513,sherbet
2514,pickled mustard seed
2515,black currant jelly
2516,hoagie roll
2517,provolone
2518,chive cheese
2519,salmon head
2520,bonnet chili
2521,avocado leaf
2522,garlic herb
2523,bag
2524,hammer
2525,fried shallot
2526,jalapeno vinegar
2527,new mexico chile pepper
2528,falafel
2529,great northern bean
2530,jumbo shell
2531,white breadcrumb
2532,hot red chile
2533,frangelico
2534,pork crackle
2535,rapadura
2536,black peppercorn
2537,clamato
2538,frito chip
2539,merguez
2540,liqueur coffee
2541,roughy
2542,sweet potato fry
2543,pimento olive
2544,ice wine
2545,crushed red chili
2546,marionberry
2547,prosecco
2548,bacalao
2549,aji pepper
2550,turbot
2551,cherry leaf
2552,red rice yeast
2553,malt syrup
2554,deer tenderloin
2555,celery cream
2556,peanut butter cup
2557,rouget
2558,rib rub
2559,plum wine
2560,sesame seed roll
2561,date paste
2562,baker's ammonia
2563,buckwheat soba noodle
2564,leicester cheese
2565,pizza
2566,lobster broth
2567,armagnac
2568,szechuan chili paste
2569,parsley root
2570,root vegetable chip
2571,zwieback
2572,dried peach
2573,mocha coffee
2574,baker's chocolate
2575,dried chile japonés
2576,soya granule
2577,ajwain
2578,sriracha sauce
2579,pecan nut
2580,rice seasoning
2581,naruto
2582,equal
2583,sandwich bun
2584,colby jack cheese
2585,dried mild chile
2586,smoked cheddar cheese
2587,lemon plum
2588,sweet corn
2589,salam leaf
2590,cajun sausage
2591,crispbread
2592,chicken ramen noodle
2593,drip
2594,calimyrna fig
2595,fruit punch
2596,pickled chili pepper
2597,turkey dressing
2598,kudzu
2599,liquid amino
2600,green tea leaf
2601,almond liqueur
2602,veal tripe
2603,corn grit
2604,shortcrust pastry
2605,anejo cheese
2606,blackberry liqueur
2607,hot pepper flake
2608,aji chile
2609,dried fish flake
2610,labneh
2611,lamb liver
2612,broccoli juice
2613,rice fettuccine
2614,bass fillet
2615,candy bar
2616,sesame salt
2617,digestive biscuit
2618,bran flake
2619,cranberry gelatin
2620,oolong tea leaf
2621,mango pepper sauce
2622,shochu
2623,beef marinade
2624,dried pepper
2625,gelatin leaf
2626,chili thread
2627,bird's eye pepper
2628,yakisoba sauce
2629,toasted coconut
2630,sheep milk feta cheese
2631,cherimoya
2632,alga
2633,dried egg noodle
2634,strawberry juice
2635,grill sauce
2636,nameko mushroom
2637,mint chocolate
2638,chicken granule
2639,kidney
2640,marzipan
2641,raspberry liquor
2642,pink pepper
2643,dried japanese chile
2644,pretzel sandwich roll
2645,tomyum paste
2646,strawberry cereal
2647,smoking chip
2648,butterscotch schnapps
2649,advocaat
2650,caciocavallo
2651,canned pimiento
2652,shrimp powder
2653,demi glace
2654,nopal
2655,black currant preserve
2656,steamer
2657,dried chiltepin
2658,rice krispie
2659,tater tot
2660,vegetable flake
2661,mesquite smoke
2662,pulque
2663,puya chili
2664,cannelloni shell
2665,crushed plum tomato
2666,raspberry yogurt
2667,chanterelle mushroom
2668,bell pepper flake
2669,yellow onion
2670,roquefort dressing
2671,dried green pepper
2672,angostura bitter
2673,coconut aminos
2674,sunflower seed butter
2675,saccharin
2676,rock sugar
2677,dried orange zest
2678,dried persimmon
2679,citrus
2680,yuzu chili pepper
2681,doughnut hole
2682,lime chutney
2683,matchstick carrot
2684,black tea
2685,cheesesteak
2686,dry crushed red pepper
2687,rice stick noodle
2688,lychee
2689,skim milk
2690,pineapple slice
2691,minced peanut
2692,tripe
2693,sesame roll
2694,fern
2695,punsch
2696,peach puree
2697,black turtle bean
2698,fettuccine noodle
2699,polish sausage
2700,sundried tomato sauce
2701,hoisin sauce
2702,chia seed
2703,curd
2704,diced ham
2705,blackened fish seasoning
2706,honey dijon
2707,tiger sauce
2708,pomegranate liqueur
2709,guanciale
2710,rye
2711,mirepoix
2712,idiazabal cheese
2713,sesame stick
2714,chili tepin
2715,chuck steak
2716,onion sprout
2717,blueberry syrup
2718,beef sirloin tip
2719,squash seed
2720,marjoram leaf
2721,montreal chicken seasoning
2722,lamb kidney
2723,wing
2724,satay sauce
2725,tomato basil sauce
2726,fine herb
2727,new mexico pepper
2728,cranberry mustard
2729,ground bay leaf
2730,orange flower water
2731,cherry cider
2732,ginger wine
2733,pina colada mix
2734,hawaiian chile pepper
2735,dried lime
2736,red apple
2737,vanilla sauce
2738,maraschino liqueur
2739,steak spice
2740,beef chuck roast
2741,peeled whole tomato
2742,chicken wing drumette
2743,pea sprout
2744,lemon lime soda
2745,chocolate nougat
2746,chili piquin
2747,trottole
2748,tarako
2749,cactus paddle
2750,chocolate crumb crust
2751,tomato pesto
2752,cherry blossom
2753,pick
2754,king crab leg
2755,cinnamon raisin bread
2756,moonshine
2757,guinea hen
2758,wafer
2759,papaya syrup
2760,brewer's yeast
2761,muscovado sugar
2762,sodium citrate
2763,black lentil
2764,semolina
2765,soy creamer
2766,tasso
2767,banana flower
2768,tianmianjian
2769,chocolate chip cookie
2770,dried pequin chile
2771,semolina bread
2772,chicken back
2773,poblano chile
2774,cereal flake
2775,saffron oil
2776,california chile powder
2777,sandwich thin
2778,langoustine shell
2779,turtle
2780,neem leaf
2781,pork ribeye
2782,lime tortilla chip
2783,conchiglioni
2784,liver pate
2785,lamb neck bone
2786,blue cornmeal
2787,shiso dressing
2788,smoked ham shank
2789,rose
2790,shio koji
2791,capicola
2792,tian mian jiang
2793,ice cube
2794,lime concentrate
2795,white chocolate
2796,peppermint candy
2797,beef round
2798,cassava
2799,back
2800,shrimp head
2801,wheat couscous
2802,dried wakame
2803,bagel chip
2804,queso
2805,soy crumble
2806,rice bran oil
2807,frozen vegetable
2808,spring roll
2809,napa cabbage
2810,pretzel roll
2811,hibiscus flower
2812,beef chuck steak
2813,pureed peach
2814,black vinegar
2815,cooked fish fillet
2816,port wine fig sauce
2817,butterscotch syrup
2818,stingray
2819,beef roux
2820,chokecherry preserve
2821,wonton sheet
2822,chicken stuffing mix
2823,lemon leaf
2824,chicken giblet
2825,spring green
2826,bavette
2827,basil vinegar
2828,mole sauce
2829,dried kidney bean
2830,nettle
2831,giardiniera
2832,moscato
2833,boar chop
2834,lime chili
2835,hot pepper oil
2836,mesquite powder
2837,water chestnut flour
2838,udon noodle stock
2839,smoked tomato
2840,lo mein noodle
2841,mahi mahi
2842,veal medallion
2843,spirit
2844,malted milk powder
2845,honeysuckle
2846,benne seed
2847,lapsang souchong tea
2848,multigrain bread
2849,romesco sauce
2850,agnolotti
2851,puy lentil
2852,wheat grass
2853,sambal oelek
2854,corn muffin mix
2855,crab claw
2856,pizza cheese
2857,grits
2858,toasted flaked almond
2859,wholemeal flour
2860,sate seasoning
2861,currywurst
2862,deer loin
2863,yellowtail snapper
2864,mahimahi
2865,cooked vegetable
2866,anaheim chile
2867,ranch bean
2868,red chili sauce
2869,recado
2870,pepper salsa
2871,dried potato flake
2872,duxelle
2873,hot dog roll
2874,yamaimo
2875,pickled peppercorn
2876,parsley dressing
2877,yuzu sauce
2878,peppermint stick
2879,crepe mushroom
2880,red onion
2881,beech mushroom
2882,butternut squash puree
2883,wheat gluten
2884,pole bean
2885,finger chili pepper
2886,pickled carrot
2887,kokotxa
2888,glycerin
2889,flavoring
2890,flavor
2891,guajillo chile powder
2892,masarepa
2893,peri peri chili
2894,squid ink pasta
2895,tree fungus
2896,beef offal
2897,king trumpet mushroom
2898,soba sauce
2899,slivered almond
2900,butter flavor
2901,dry egg noodle
2902,ancho chile puree
2903,namul
2904,yuzu miso
2905,chipotle pasta
2906,green chili pepper
2907,chevre cheese
2908,blackberry vinegar
2909,luncheon meat
2910,banana sauce
2911,dried red bean
2912,broccoli coleslaw
2913,beef seasoning
2914,pepper vodka
2915,mexicana cheese
2916,brine
2917,orange yogurt
2918,farmer cheese
2919,kuzu syrup
2920,cream of soup
2921,mango butter
2922,elderflower
2923,portobello
2924,muscat wine
2925,sardinian cheese
2926,tuna oil
2927,ground sesame seed
2928,mandarin orange segment
2929,veal demi glace
2930,cider mix
2931,duck liver
2932,amarillo chile
2933,gammon
2934,whiting fillet
2935,pea eggplant
2936,piquante pepper
2937,beef frank
2938,sakura blossom
2939,beef rub
2940,chocolate sprinkle
2941,wheat penne
2942,dried poblano pepper
2943,dried california chile
2944,mackerel fillet
2945,dried parsley
2946,shirataki
2947,sakura
2948,lemon sherbet
2949,sea stock
2950,panettone
2951,plaice
2952,duck bouillon
2953,hot pepper paste
2954,tree ear mushroom
2955,gelatin sheet
2956,love
2957,coffee ground
2958,cherry jam
2959,blade steak
2960,mustard cress
2961,sour fruit
2962,rye cracker
2963,cilantro seed
2964,green thai chile
2965,date honey
2966,dry chile
2967,maki
2968,creme
2969,blackcurrant syrup
2970,epazote leaf
2971,garlic chile sauce
2972,citrus peel
2973,bicarbonate
2974,deer
2975,gomashio
2976,duck egg
2977,bottarga
2978,candy cane
2979,black eye pea
2980,juniper
2981,black cherry juice
2982,balsamic
2983,dry pinto bean
2984,dry green split pea
2985,dried red kidney bean
2986,ginger liqueur
2987,rice salad
2988,garlic water
2989,kataifi
2990,ground roasted peanut
2991,banana chip
2992,ranchero sauce
2993,chicken foot
2994,turkey fillet
2995,fijon mustard
2996,aosa
2997,northern white bean
2998,hot pot
2999,fish ball
3000,daifuku bean
3001,poblano soup
3002,waffle mix
3003,maraschino cherry juice
3004,collard
3005,hot sausage
3006,dry red lentil
3007,korean chile powder
3008,burrito seasoning
3009,cinnamon graham cracker
3010,venison loin
3011,red peppercorn
3012,konnyaku noodle
3013,canned corn
3014,shishito pepper
3015,rue
3016,beef cube steak
3017,mandarin
3018,whole tomato
3019,saga cheese
3020,egg nog
3021,aji amarillo pepper
3022,stir fry sauce
3023,dry herb
3024,refried pinto bean
3025,pizza topping
3026,dried navy bean
3027,chartreuse
3028,mitsuba leaf
3029,wrapper
3030,yellow food color
3031,cooking wine
3032,laver
3033,lamb bone
3034,cinnamon chip
3035,caribou steak
3036,dragon fruit
3037,basa
3038,smoked ham hock
3039,aquavit
3040,mushroom ketchup
3041,jerk rub
3042,chestnut syrup
3043,puffed rice
3044,veggie crumble
3045,orange concentrate
3046,peanut butter cookie
3047,pawpaw
3048,pompano filet
3049,napa kimchi
3050,ginkgo nut
3051,dumpling wrapper
3052,sashimi
3053,aduki bean paste
3054,nondairy topping
3055,whey
3056,lime vinaigrette
3057,shaohsing wine
3058,mandarin peel
3059,morita chile
3060,chile guajillo
3061,fruit sauce
3062,hubbard squash
3063,black rice
3064,lump crabmeat
3065,rib roast
3066,crushed chilli
3067,sun-dried tomato
3068,anchovy sauce
3069,pepperoncini juice
3070,limoncello
3071,beef cube
3072,egoma leaf
3073,korean red chili powder
3074,coconut sorbet
3075,barley flour
3076,eye steak
3077,yabby
3078,tartaric acid
3079,onion oil
3080,tequila barbecue sauce
3081,dried plum
3082,pignoli nut
3083,white poppy seed
3084,kebab stick
3085,chipotle chili sauce
3086,sea scallop
3087,pale ale
3088,whiting
3089,mango juice
3090,tandoori spice
3091,mashed sweet potato
3092,stem
3093,ramen noodle soup
3094,chocolate milk
3095,quinoa flour
3096,tofu patty
3097,mild red chili
3098,weakfish
3099,glace fruit
3100,garlic herb marinade
3101,soy cheese
3102,dove
3103,bonnet pepper
3104,brown sauce
3105,cappellini
3106,black eyed bean
3107,mala sauce
3108,pickled mushroom
3109,beef rump roast
3110,jus
3111,dill havarti
3112,cargamanto bean
3113,bran muffin mix
3114,country style rib
3115,onion straw
3116,poultry
3117,chili bean sauce
3118,scrod filet
3119,meat juice
3120,tellicherry pepper
3121,shrimp stock
3122,squash puree
3123,multigrain spaghetti
3124,parmesan cheese rind
3125,sichuan bean paste
3126,cloud ear mushroom
3127,beef brain
3128,pickled cherry pepper
3129,brioche bread crumb
3130,baba ghanoush
3131,strawberry puree
3132,brown sugar barbecue sauce
3133,candlenut
3134,teff flour
3135,jonathan apple
3136,urfa chili
3137,pear tomato
3138,malt drink
3139,bitters
3140,sakura shrimp
3141,shoepeg corn
3142,pane carasau
3143,pasilla
3144,kashmiri chile
3145,ground szechuan peppercorn
3146,gianduja
3147,romanesco
3148,sha cha sauce
3149,italian seasoned breadcrumb
3150,ginger marmalade
3151,raspberry chipotle sauce
3152,oat straw
3153,bean flour
3154,instant nonfat dry milk
3155,mung dal
3156,cranberry peach juice
3157,green cherry
3158,cashew milk
3159,rabbit leg
3160,waffle
3161,quorn
3162,daiquiri
3163,penne noodle
3164,licorice fern root
3165,alder cone
3166,grouse breast
3167,pinot blanc
3168,salal berry
3169,sour mix
3170,guinea hen breast
3171,choux pastry
3172,carcass
3173,sakura leaf
3174,dulse
3175,sour sauce
3176,chihuahua cheese
3177,koji
3178,queso menonita
3179,turkey kielbasa
3180,pan juice
3181,pineapple jelly
3182,chicken flavoring
3183,ginseng
3184,lotus seed
3185,dried goji berry
3186,lily petal
3187,longan
3188,dried root
3189,dried raisin
3190,nutria
3191,crackle
3192,spearmint leaf
3193,comte cheese
3194,cashel blue cheese
3195,onion ring
3196,frank
3197,roasted sunflower seed
3198,roux
3199,raspberry walnut dressing
3200,garlic tomato sauce
3201,greek pepper
3202,flank
3203,broccoli cheddar cheese soup
3204,apple martini mix
3205,hamburger roll
3206,broccoli cheese
3207,asian green
3208,chestnut mushroom
3209,peppermint leaf
3210,pork butt
3211,mexican cheese
3212,file
3213,dried red pepper flake
3214,strawberry vinaigrette
3215,pork bean
3216,potato nugget
3217,currant liqueur
3218,cherrystone clam
3219,wagon wheel pasta
3220,chocolate cake mix
3221,passion fruit syrup
3222,amino acid
3223,sesame ginger dressing
3224,grain of paradise
3225,alcohol
3226,green fettuccine
3227,corn broth
3228,lilikoi
3229,giblet stock
3230,muenster cheese
3231,instant potato
3232,satsumaage
3233,canadian whisky
3234,bean curd
3235,enzyme
3236,beef soup bone
3237,praline paste
3238,maltodextrin
3239,pesto sauce
3240,conchiglia
3241,haricot bean
3242,raisin bread
3243,beer batter
3244,perilla seed
3245,tamarillo
3246,corkscrew pasta
3247,sliced pimento
3248,guajillo
3249,cepe mushroom
3250,dry shiitake mushroom
3251,beet puree
3252,pecan shortbread
3253,spinach tortellini
3254,orange sauce
3255,plum vinegar
3256,sloppy joe
3257,char siu sauce
3258,fermented bean curd
3259,nora chile
3260,yellow potato
3261,jalapeno dressing
3262,minced walnut
3263,flaked almond
3264,pumpkin pie
3265,barbecue spice rub
3266,smoke flavor
3267,carbonated drink
3268,walnut vinegar
3269,yuba
3270,oreo crumb
3271,wing sauce
3272,karo syrup
3273,fumet
3274,orechiette
3275,crushed rosemary
3276,cooked corn kernel
3277,pepper seed
3278,stew
3279,banana liqueur
3280,charcoal
3281,thyme leaf
3282,scallion oil
3283,redfish
3284,kabosu juice
3285,pea bean
3286,pork fat salt
3287,spiral noodle
3288,pickled chili
3289,chai
3290,chile arbol
3291,morita pepper
3292,puya chile
3293,arame
3294,pheasant stock
3295,baking apple
3296,cheddar cheese curd
3297,instant mashed potato
3298,prune juice
3299,coconut sugar
3300,dory
3301,matzah
3302,queso oaxaca
3303,strawberry drink mix
3304,mezzi rigatoni
3305,kangaroo fillet
3306,rai
3307,yuca chip
3308,bengal gram
3309,black gram
3310,green gram
3311,red pepper seed
3312,lemon garlic
3313,agave syrup
3314,chocolate cookie crumb
3315,jello
3316,smoked pork chop
3317,pound cake mix
3318,fennel sausage
3319,puree
3320,provel cheese
3321,sweet potato chip
3322,pequin pepper
3323,butterscotch
3324,guindilla pepper
3325,oyster cracker
3326,brioche roll
3327,black forest ham
3328,poultry fat
3329,rapini
3330,lox
3331,onion stock
3332,red bean paste
3333,beef eye round
3334,long bean
3335,meat glaze
3336,smoked white fish
3337,raspberry jelly
3338,za'atar
3339,perce pierre
3340,crab boil spice
3341,nametake mushroom
3342,kashar cheese
3343,pulp
3344,cantal cheese
3345,dried fish
3346,corn bran
3347,broccoli stalk
3348,sugar cookie
3349,tomato cream
3350,threadfin
3351,beef spare rib
3352,kudzu starch
3353,peach gelatin
3354,chukar
3355,onion broth
3356,chili pepper powder
3357,sheep cheese
3358,herb tea bag
3359,field green
3360,breadfruit
3361,crumpet
3362,peach juice
3363,mushroom gravy
3364,groundhog
3365,blueberry yogurt
3366,buttermilk ranch
3367,pumpkin filling
3368,achiote oil
3369,pear juice
3370,soup bone
3371,beef chuck
3372,tostada chip
3373,minced black olive
3374,venison chop
3375,pepper seasoning
3376,lamb shoulder
3377,elk
3378,wheat hamburger bun
3379,brown button mushroom
3380,stravecchio cheese
3381,brazil nut
3382,tabasco pepper
3383,shortbread crumb
3384,herb paste
3385,clotted cream
3386,canned crab
3387,bailey irish cream
3388,flatbread
3389,tabasco chile
3390,beef patty
3391,wide egg noodle
3392,smoke
3393,korean chili pepper
3394,hake
3395,aji panca
3396,pastrami spice
3397,ginger beer
3398,white fish
3399,tallow
3400,ginger dressing
3401,umeboshi vinegar
3402,walleye fillet
3403,minced pimento
3404,red bean
3405,espagnole sauce
3406,nerikiri
3407,chipotle chile flake
3408,pastina
3409,hum liqueur
3410,truffle juice
3411,enokitake mushroom
3412,truffle sauce
3413,bacon sauce
3414,pork rib tip
3415,lamb shoulder chop
3416,pepper berry
3417,crushed chili pepper
3418,liquid egg white
3419,beef roast
3420,schmaltz
3421,tofu shirataki noodle
3422,new york steak
3423,irish whiskey
3424,garlic and red chili paste
3425,chocolate malt powder
3426,frito
3427,pork leg
3428,plain yogurt
3429,berry juice
3430,jamaican spice
3431,dried scallop
3432,fermented bean paste
3433,posole
3434,pork loin steak
